[
    {
    "title":"Stigler, Oklahoma",
    "image":"ok4",
    "city":"Oklahoma",
    "description":"The Dunlap Hollow A-Frame is a custom luxury A-Frame completed in 2021. The A-Frame sleeps up to 10 guests with 3 bedrooms and a picturesque loft filled with windows that sleeps 4.",
    "availability":"Nov1-Nov5",
    "nightlyFee" :"$950",
    "cleaningFee":"$80",
    "serviceFee":"$100",
    "amenities":"Kitchen,Dryer,Washer,LakeView,Private Balcony,security and complimentary breakfast",
    "bedrooms":"2"
    },
    {
        "title":"Lago Vista, Texas",
        "image":"ok5",
        "city":"Dallas",
        "description":"This stunning and spacious cabin is the ideal location for a Blue Ridge vacation. Outdoor living meets luxury with a hot tub, outdoor fire pit, and beautiful views of the mountains. This is the perfect romantic getaway or place to create memories with family and friends. Plus, enjoy scenic drives to the many nearby local attractions.",
        "availability":"Nov6-Nov15",
        "nightlyFee" :"$600",
        "cleaningFee":"$120",
        "serviceFee":"$70",
        "amenities":"Kitchen,Dryer,Washer,LakeView,Private Balcony,security and complimentary breakfast",
        "bedrooms":"3"
    },
    {
            "title":"Treehouse, Oklahoma",
            "image":"ok3",
            "city":"Oklahoma",
            "description":"Located on Beaver Lake with a stunning view of the water and lots of amenities.  Snuggle up to a cozy fireplace. Relax in a candlelit Jacuzzi for two (not a hot tub) overlooking the beautiful scenery of the Ozark Mountains.  Doze off to sleep in a pillow-top, king size Sleep Number bed while gazing at the stars and tree tops through the glass gables.",
            "availability":"Nov11-Nov15",
            "nightlyFee" :"$1190",
            "cleaningFee":"$120",
            "serviceFee":"$150",
            "amenities":"Kitchen,Dryer,Washer,LakeView,Private Balcony,security and complimentary breakfast",
            "bedrooms":"3"
    },
    {
        "title":"Treehouse, Wanderlust",
        "image":"ok6",
        "city":"Houston",
        "description":"Our very unique treehouse is nestled into the treetops on 40 acres of completely secluded property. Great for a couples retreat, honeymoon, or spiritual reconnecting. Get away from it all and enjoy the nature trails and 2 acre lake(seasonal at times)to pass the time and be able to really unwind. Sit and enjoy your morning coffee outside on the deck as you may be able to catch a peak at the deer and other small animals making their way",
        "availability":"Nov21-Nov26",
        "nightlyFee" :"$1000",
        "cleaningFee":"$100",
        "serviceFee":"$100",
        "amenities":"Kitchen,Dryer,Washer,LakeView,Private Balcony,security and complimentary breakfast",
        "bedrooms":"3"
},
{
    "title":"Home in Miami",
    "image":"ok8",
    "city":"Miami",
    "description":"This Amazing waterfront estate was done with marvelous finishes. The Beds have Hermes blankets and the house has all amenities you could desire Large Kitchen, Massive Wine Collection, Infinity Pool and Built  In Hot Tub, Exclusive Appliances, Home Theater and  everything your heart desires when staying in Miami on Vacation. Eight Bedrooms and Eight Bathrooms enough for the large groups who want the BEST!",
    "availability":"Dec1-Dec5",
    "nightlyFee" :"$850",
    "cleaningFee":"$50",
    "serviceFee":"$50",
    "amenities":"Kitchen,Dryer,Washer,LakeView,Private Balcony,security and complimentary breakfast",
    "bedrooms":"2"
},
{
    "title":"Cabin in Austin",
    "image":"ok7",
    "city":"Austin",
    "description":"Nestled in the heart of the Big Thicket, our Naturalist Boudoir B&B has everything you need to revitalize your senses. Extremely private area for the naturalist with outdoor hot tub and shower. We welcome all guests to experience our lovely Naturalist Boudoir & reconnect with your special someone",
    "availability":"Nov7-Nov18",
    "nightlyFee" :"$1150",
    "cleaningFee":"$50",
    "serviceFee":"$80",
    "amenities":"Kitchen,Dryer,Washer,LakeView,Private Balcony,security and complimentary breakfast",
    "bedrooms":"3"
}

]